age,income,tenure_months,num_products,has_credit_card,is_active,country,education,churn
62,34592,4,3,0,0,USA,HS,1
65,117080,115,1,1,0,India,HS,1
35,50495,65,1,0,1,USA,PhD,0
59,56463,104,1,0,1,UK,Masters,0
31,48221,98,3,0,0,Germany,HS,0
44,131082,45,3,0,1,Australia,HS,0
46,30328,71,3,1,0,India,HS,1
64,49871,99,3,0,0,India,PhD,0
39,79429,82,3,0,1,UK,Bachelors,0
64,54993,90,1,0,0,USA,PhD,1
46,55382,119,2,1,0,USA,HS,0
42,72581,35,1,0,1,USA,PhD,0
47,135957,118,4,0,1,USA,Bachelors,0
57,90644,34,4,1,1,USA,Bachelors,0
54,84686,12,1,0,0,USA,PhD,1
60,28326,50,4,1,1,Australia,HS,0
65,114466,15,3,1,0,UK,PhD,0
32,79470,1,3,0,0,UK,Bachelors,1
31,69009,98,2,0,1,Germany,HS,0
29,141778,47,3,0,0,USA,HS,0
27,115932,63,1,0,0,Germany,Bachelors,1
38,89163,112,4,0,0,UK,PhD,0
64,105180,48,4,1,0,USA,Bachelors,0
26,64313,3,2,0,0,India,HS,1
36,28834,116,1,1,0,Australia,Bachelors,1
39,107684,63,2,0,1,USA,PhD,0
48,44957,13,1,1,1,Germany,PhD,0
51,133224,94,1,0,0,Germany,Masters,1
28,52591,25,2,1,0,Germany,Bachelors,0
39,80637,32,1,1,0,India,HS,1
27,141420,97,2,0,1,Germany,PhD,0
35,133331,52,1,0,1,India,PhD,0
38,141440,101,4,1,1,Australia,PhD,0
31,44890,38,2,0,0,UK,HS,0
25,96569,62,2,0,0,USA,HS,0
60,28907,87,2,1,0,Australia,Bachelors,1
59,97924,6,1,1,1,UK,Bachelors,1
64,113872,41,2,1,1,USA,Masters,0
51,61441,119,1,0,1,Australia,HS,0
26,90468,28,3,0,1,India,Bachelors,0
45,57353,21,4,1,0,Australia,Masters,0
64,33577,113,2,1,0,India,Bachelors,1
39,56930,78,2,1,0,UK,PhD,0
38,138664,117,1,0,1,UK,HS,0
22,63719,99,2,1,0,Germany,PhD,0
57,21267,15,1,0,0,UK,Bachelors,1
49,36704,6,3,1,0,UK,Bachelors,1
65,52706,86,1,1,1,Australia,Bachelors,0
37,133325,21,2,1,0,USA,Masters,0
48,125150,86,2,1,0,India,PhD,0
24,132537,61,2,0,1,UK,Masters,0
36,49219,4,2,1,1,UK,HS,0
39,66025,83,4,1,0,India,Masters,0
33,96099,34,1,0,1,UK,Masters,0
49,99457,66,1,1,0,UK,HS,1
49,20221,67,2,1,1,India,Masters,0
61,61145,85,1,1,1,Germany,Masters,0
47,111384,38,2,0,1,Germany,Bachelors,0
61,94593,39,4,0,1,UK,Bachelors,0
49,122990,75,3,1,1,Germany,Bachelors,0
54,82021,102,2,0,1,Australia,Masters,0
27,127272,97,2,1,0,USA,Bachelors,0
23,26057,32,4,0,1,Germany,Bachelors,0
46,84799,52,2,0,0,India,PhD,0
36,43053,103,4,0,0,India,PhD,0
30,125043,60,3,1,1,Australia,PhD,0
32,117472,111,4,1,1,USA,Masters,0
55,83517,81,2,1,1,India,Masters,0
37,55614,43,3,0,0,USA,Bachelors,0
46,110957,20,2,0,1,Germany,Masters,0
56,81069,54,1,0,1,Germany,HS,0
58,69857,62,1,1,1,Germany,PhD,0
56,117978,95,2,1,0,UK,PhD,0
53,23804,50,3,1,0,Germany,Bachelors,1
61,90008,4,4,0,0,Germany,Bachelors,1
51,43819,7,3,1,1,USA,PhD,0
42,64236,98,4,1,1,UK,HS,0
52,22540,96,1,1,0,India,HS,1
23,144467,32,2,0,0,USA,Bachelors,0
52,107747,15,2,1,1,UK,Bachelors,0
60,99593,96,1,0,1,India,HS,0
41,95470,87,4,1,0,India,Bachelors,0
28,111382,99,3,0,0,UK,PhD,0
64,68571,9,3,0,1,Germany,HS,0
49,145932,47,4,0,1,USA,Masters,0
61,125932,118,4,1,1,Australia,Masters,0
42,131635,32,1,1,1,USA,PhD,0
58,99997,86,4,1,0,Germany,Masters,0
33,83904,28,3,1,1,UK,Masters,0
57,21330,67,2,0,0,Germany,PhD,1
57,119374,31,4,1,1,India,HS,0
40,49045,52,2,1,1,Germany,Masters,0
49,117771,71,3,1,1,UK,Masters,0
38,50217,16,2,1,0,Australia,Bachelors,0
34,48361,95,4,1,1,India,Bachelors,0
40,49816,47,2,1,0,Australia,Bachelors,0
39,25965,7,3,0,1,India,HS,1
58,57268,61,4,1,1,USA,HS,0
38,143347,111,4,0,0,Germany,PhD,0
26,95631,81,1,0,0,Australia,Masters,1
27,52530,16,4,0,1,Germany,PhD,0
41,132743,76,4,1,0,Australia,HS,0
35,101987,28,3,0,0,USA,Bachelors,0
57,29838,21,1,1,1,Australia,PhD,0
40,24278,30,3,1,1,India,Bachelors,0
38,123262,102,2,1,0,Australia,Bachelors,0
63,39528,117,3,0,0,India,Bachelors,1
41,97993,96,3,1,0,Germany,Masters,0
47,143558,35,4,1,0,Australia,HS,0
49,116276,42,3,0,0,USA,HS,0
65,127665,35,1,0,1,Australia,PhD,0
39,43788,75,4,1,0,Germany,Masters,0
48,63687,42,1,0,1,Germany,PhD,0
40,106846,52,1,1,0,UK,Masters,1
42,35194,99,4,0,1,Germany,HS,0
34,87952,47,4,1,0,USA,Masters,0
57,37172,119,3,1,1,India,HS,0
62,99806,103,2,0,1,Australia,HS,0
57,73476,12,2,0,1,India,Bachelors,0
53,142244,92,3,1,1,Germany,PhD,0
37,79871,71,2,1,0,Australia,Bachelors,0
26,56208,99,4,1,1,India,Masters,0
41,129769,76,4,0,1,Australia,PhD,0
44,63573,71,4,1,1,USA,Bachelors,0
58,70196,30,4,0,1,Germany,PhD,0
46,149553,85,2,1,0,USA,Masters,0
28,134581,109,4,0,1,India,Bachelors,0
48,134154,84,2,0,1,UK,Masters,0
61,110794,51,1,1,1,UK,PhD,0
56,24705,80,1,0,1,USA,HS,0
49,148232,13,1,1,0,UK,HS,1
24,62516,102,1,1,1,UK,PhD,0
31,52007,68,4,0,0,USA,HS,0
61,134142,49,2,1,0,USA,PhD,0
62,53289,59,3,0,1,UK,Bachelors,0
26,77898,45,3,1,1,Germany,Masters,0
34,70422,110,4,0,0,Germany,Masters,0
58,58780,90,3,0,1,UK,HS,0
58,133386,88,1,1,1,USA,Masters,0
36,103442,25,3,0,0,India,Masters,0
50,24373,75,3,0,0,UK,Masters,1
48,43021,26,2,1,1,USA,Masters,0
52,146796,104,3,1,0,Germany,HS,0
31,118848,29,4,1,0,Germany,HS,0
38,90329,16,4,1,1,Australia,PhD,0
62,143245,48,1,0,1,India,Masters,0
61,49015,83,1,1,1,Germany,HS,0
30,25943,5,3,1,0,India,Bachelors,1
56,37781,50,4,1,1,Australia,Bachelors,0
48,105841,13,4,1,1,India,Masters,0
35,78115,57,2,1,0,UK,Masters,0
25,72184,36,2,0,1,India,Bachelors,0
63,103819,77,1,0,1,USA,Bachelors,0
58,46896,9,2,0,0,UK,Bachelors,1
60,20371,36,2,0,1,USA,HS,0
64,133567,4,2,0,1,USA,Masters,0
23,42838,34,1,0,1,Australia,HS,0
26,82422,58,3,0,1,Australia,Bachelors,0
61,25683,94,3,1,0,India,PhD,1
47,75872,88,1,1,1,India,HS,0
42,99730,19,1,0,1,Australia,Masters,0
46,98301,68,3,1,1,India,HS,0
63,105316,113,2,1,1,USA,PhD,0
43,128451,59,4,1,0,UK,PhD,0
42,107177,33,3,0,1,India,HS,0
27,32219,56,1,1,0,Australia,HS,1
59,145386,72,3,0,1,UK,PhD,0
25,146929,37,3,1,0,Australia,Bachelors,0
31,106079,62,2,0,1,Australia,Masters,0
29,119956,36,2,1,0,Australia,Masters,0
23,43647,35,3,1,1,India,Bachelors,0
31,94228,85,4,0,0,India,HS,0
55,48197,49,4,1,1,USA,Masters,0
41,114581,42,1,0,0,USA,HS,1
65,30693,35,4,1,1,Australia,PhD,0
48,55804,28,1,1,1,India,Masters,0
65,108930,76,4,1,0,USA,PhD,0
60,27180,1,2,1,0,USA,Masters,1
40,63007,16,1,1,1,USA,Bachelors,0
46,89806,91,2,1,0,Germany,HS,0
49,22456,59,1,1,1,Australia,PhD,0
62,74747,38,1,1,0,UK,Bachelors,1
61,80305,107,3,0,1,India,Bachelors,0
49,97184,52,1,1,1,UK,Bachelors,0
43,122120,22,1,0,0,UK,Masters,1
63,126828,19,2,0,0,UK,Bachelors,0
33,98957,20,1,0,1,Germany,PhD,0
65,141130,113,3,1,0,Germany,HS,0
52,77961,81,3,1,0,UK,HS,0
41,80521,58,1,0,1,UK,HS,0
63,133278,110,1,1,1,Australia,HS,0
50,139150,104,2,1,1,Australia,Bachelors,0
25,79050,14,3,0,0,India,Bachelors,0
50,149890,57,2,1,1,UK,PhD,0
48,121510,44,1,1,0,UK,HS,1
57,108916,50,3,1,0,UK,HS,0
59,106980,19,3,1,1,USA,HS,0
41,93259,49,3,0,0,Germany,Masters,0
23,67526,40,2,0,1,Germany,Bachelors,0
36,38030,20,1,1,0,Australia,HS,1